{
    "Parallel_PCA_SPMD_Time": 0.8755192756652832,
    "Overall Parallel PCA SPMD Time": 0.8792970180511475
}
