{
    "Parallel_PCA_SPMD_Time": 0.017685413360595703,
    "Overall Parallel PCA SPMD Time": 0.025431394577026367
}
