{
    "Parallel_PCA_SPMD_Time": 0.3679838180541992,
    "Overall Parallel PCA SPMD Time": 0.3715498447418213
}
