{
    "MSE For Parallel Ridge regression SPMD": 74.97332304131996,
    "R2 Score For Parallel Ridge regression SPMD": 0.845419057734403
}
