{
    "MSE_Parallel_LinearRegression_Pydaal": 0.20098988137263446,
    "r2score_Parallel_LinearRegression_Pydaal": -0.04349110095879416
}
