{
    "Parallel_NaiveBayes_Pydaal_Time": 0.03426980972290039,
    "Overall Parallel Naive Bayes Prediction SPMD Time": 0.06243181228637695
}
