{
    "MSE_Parallel_LinearRegression_Pydaal": 37545487.89062724,
    "r2score_Parallel_LinearRegression_Pydaal": 0.7540776907233377
}
