{
    "Parallel_KMeans_SPMD_Time": 1.3643567562103271,
    "Overall Parallel KMeans SPMD Time": 1.3645234107971191
}
