{
    "Parallel_NaiveBayes_Pydaal_Time": 0.020445823669433594,
    "Overall Parallel Naive Bayes Prediction SPMD Time": 0.024874448776245117
}
