{
    "MSE For Parallel Ridge regression SPMD": 74.97332304144557,
    "R2 Score For Parallel Ridge regression SPMD": 0.8454190577341439
}
