{
    "Serial Naive Bayes Batch Time": 0.003611326217651367,
    "Serial_KMeans_Batch_Time": 0.14948773384094238,
    "Serial_PCA_Batch_Time": 0.010262727737426758,
    "Serial_SVD_Batch_Time": 0.10473203659057617
}
