{
    "Parallel_PCA_SPMD_Time": 0.9847331047058105,
    "Overall Parallel PCA SPMD Time": 0.9881927967071533
}
