{
    "Serial Naive Bayes Batch Time": 0.002254009246826172,
    "Serial_KMeans_Batch_Time": 0.02241992950439453,
    "Serial_PCA_Batch_Time": 0.002848386764526367,
    "Serial_SVD_Batch_Time": 0.00734257698059082
}
