{
    "Parallel_NaiveBayes_Pydaal_Time": 0.19359922409057617,
    "Overall Parallel Naive Bayes Prediction SPMD Time": 0.28369951248168945
}
