{
    "Time for serial Linear Regression sk_learn": 0.04819893836975098,
    "Time for serial Linear Regression pydaal": 0.00958704948425293,
    "Time for parallel Linear Regression sk_learn": 0.007811069488525391,
    "Time for serial parallel Regression pydaal": 0.4193897247314453,
    "Time for serial PCA pydaal": 0.005067586898803711
}
