{
    "Parallel_KMeans_SPMD_Time": 1.3043489456176758,
    "Overall Parallel KMeans SPMD Time": 1.3045086860656738
}
