{
    "Parallel_LinearRegression_Pydaal_Time": 0.4774813652038574,
    "Overall Parallel Linear Regression Prediction SPMD Time": 3.8913161754608154
}
