{
    "MSE_Parallel_LinearRegression_Pydaal": 72.70215725024545,
    "r2score_Parallel_LinearRegression_Pydaal": 0.8501017759838287
}
