{
    "MSE For Parallel Ridge regression SPMD": 504828.80095939396,
    "R2 Score For Parallel Ridge regression SPMD": 0.9063156364727074
}
