{
    "Parallel_LinearRegression_Pydaal_Time": 0.08559250831604004,
    "Overall Parallel Linear Regression Prediction SPMD Time": 2.924119472503662
}
