{
    "Parallel_PCA_SPMD_Time": 0.23079347610473633,
    "Overall Parallel PCA SPMD Time": 0.23309826850891113
}
