{
    "Serial Linear Regression Batch Time": 2.3139686584472656,
    "Overall Serial Linear Regression Prediction Batch Time": 2.3802707195281982,
    "Serial Ridge Regression Batch Time": 0.44982004165649414,
    "Overall Serial Ridge Regression Prediction Batch Time": 0.5064342021942139,
    "Time for serial Linear Regression sk_learn": 2.720370292663574,
    "Serial_KMeans_Batch_Time": 12.711623430252075,
    "Serial_PCA_Batch_Time": 2.6286942958831787,
    "Serial_SVD_Batch_Time": 3.048806667327881
}
