{
    "Parallel_NaiveBayes_Pydaal_Time": 0.02277374267578125,
    "Overall Parallel Naive Bayes Prediction SPMD Time": 0.02862548828125
}
