{
    "Parallel_NaiveBayes_Pydaal_Time": 0.010785341262817383,
    "Overall Parallel Naive Bayes Prediction SPMD Time": 0.01799607276916504
}
