{
    "Parallel Ridge Regression SPMD Time": 0.16809844970703125,
    "Overall Parallel Ridge Regression Prediction SPMD Time": 0.2354569435119629
}
