{
    "MSE For Parallel Ridge regression SPMD": 74.97332304064953,
    "R2 Score For Parallel Ridge regression SPMD": 0.8454190577357852
}
