{
    "Parallel_LinearRegression_Pydaal_Time": 0.17139029502868652,
    "Overall Parallel Linear Regression Prediction SPMD Time": 3.2880475521087646
}
