{
    "MSE_Parallel_LinearRegression_Pydaal": 72.70215725026144,
    "r2score_Parallel_LinearRegression_Pydaal": 0.8501017759837958
}
