{
    "Parallel_PCA_SPMD_Time": 0.5228836536407471,
    "Overall Parallel PCA SPMD Time": 0.5299944877624512
}
