{
    "Parallel_PCA_SPMD_Time": 0.9781749248504639,
    "Overall Parallel PCA SPMD Time": 0.9816162586212158
}
