{
    "Parallel_PCA_SPMD_Time": 0.38245272636413574,
    "Overall Parallel PCA SPMD Time": 0.38564610481262207
}
