{
    "Parallel_PCA_SPMD_Time": 0.2860836982727051,
    "Overall Parallel PCA SPMD Time": 0.2887420654296875
}
