{
    "MSE_Parallel_LinearRegression_Pydaal": 79.4602820716462,
    "r2score_Parallel_LinearRegression_Pydaal": 0.8588232008232004
}
