{
    "Parallel_NaiveBayes_Pydaal_Time": 0.026342391967773438,
    "Overall Parallel Naive Bayes Prediction SPMD Time": 0.02971363067626953
}
