{
    "Parallel_PCA_SPMD_Time": 0.24789667129516602,
    "Overall Parallel PCA SPMD Time": 0.2502906322479248
}
