{
    "Parallel_LinearRegression_Pydaal_Time": 0.019707679748535156,
    "Overall Parallel Linear Regression Prediction SPMD Time": 0.03617429733276367
}
