{
    "MSE_Parallel_LinearRegression_Pydaal": 2.830407911204286e+155,
    "r2score_Parallel_LinearRegression_Pydaal": -5.489762954143526e+148
}
