{
    "Serial Linear Regression Batch Time": 0.18922853469848633,
    "Serial Ridge Regression Batch Time": 0.015198469161987305,
    "Time for serial Linear Regression sk_learn": 2.0920042991638184,
    "Serial_KMeans_Batch_Time": 0.7930295467376709,
    "Serial_PCA_Batch_Time": 0.05852556228637695,
    "Serial_SVD_Batch_Time": 1.1625044345855713
}
