{
    "Parallel_PCA_SPMD_Time": 1.1483569145202637,
    "Overall Parallel PCA SPMD Time": 1.1511828899383545
}
