{
    "MSE_serial_linear_regression_pydaal": 68.32790825877062,
    "r2_score_serial_linear_regression_pydaal": 0.8449877755711449,
    "MSE For Serial Ridge regression Batch": 69.61413602873026,
    "R2 Score For Serial Ridge regression Batch": 0.8420697727692954
}
