{
    "MSE For Parallel Ridge regression SPMD": 74.9733230413152,
    "R2 Score For Parallel Ridge regression SPMD": 0.8454190577344127
}
