{
    "Serial Naive Bayes Batch Time": 0.09906578063964844,
    "Overall Serial Naive bayes Prediction Batch Time": 0.1327190399169922,
    "Serial_KMeans_Batch_Time": 3.3764355182647705,
    "Serial_PCA_Batch_Time": 0.47982096672058105,
    "Serial_SVD_Batch_Time": 0.8587396144866943
}
