{
    "Parallel_LinearRegression_Pydaal_Time": 0.07679605484008789,
    "Overall Parallel Linear Regression Prediction SPMD Time": 2.5610153675079346
}
