{
    "Parallel_PCA_SPMD_Time": 0.019528865814208984,
    "Overall Parallel PCA SPMD Time": 0.02660226821899414
}
