{
    "Parallel_LinearRegression_Pydaal_Time": 0.019179344177246094,
    "Overall Parallel Linear Regression Prediction SPMD Time": 0.036699771881103516
}
