{
    "MSE_Parallel_LinearRegression_Pydaal": 1.2189266573337723e+153,
    "r2score_Parallel_LinearRegression_Pydaal": -2.3985196629527597e+146
}
