{
    "MSE For Parallel Ridge regression SPMD": 74.97332304127598,
    "R2 Score For Parallel Ridge regression SPMD": 0.8454190577344936
}
