{
    "Time for serial Linear Regression sk_learn": 0.00805974006652832,
    "Time for serial Linear Regression pydaal": 0.008513212203979492,
    "Time for parallel Linear Regression sk_learn": 0.0037653446197509766,
    "Time for serial parallel Regression pydaal": 0.3911325931549072
}
