{
    "Parallel_LinearRegression_Pydaal_Time": 0.7414240837097168,
    "Overall Parallel Linear Regression Prediction SPMD Time": 3.6122095584869385
}
