{
    "MSE_Parallel_LinearRegression_Pydaal": 72.7021572502273,
    "r2score_Parallel_LinearRegression_Pydaal": 0.8501017759838662
}
