{
    "Parallel_PCA_SPMD_Time": 0.0198976993560791,
    "Overall Parallel PCA SPMD Time": 0.02704143524169922
}
