{
    "Parallel_PCA_SPMD_Time": 0.32488298416137695,
    "Overall Parallel PCA SPMD Time": 0.3300948143005371
}
