{
    "Parallel_PCA_SPMD_Time": 0.462634801864624,
    "Overall Parallel PCA SPMD Time": 0.46769285202026367
}
