{
    "Parallel_LinearRegression_Pydaal_Time": 0.13412714004516602,
    "Overall Parallel Linear Regression Prediction SPMD Time": 3.066251277923584
}
