{
    "Parallel_NaiveBayes_Pydaal_Time": 0.11531472206115723,
    "Overall Parallel Naive Bayes Prediction SPMD Time": 0.18091750144958496
}
