{
    "Serial Naive Bayes Batch Time": 0.0022726058959960938,
    "Serial_KMeans_Batch_Time": 0.013629436492919922,
    "Serial_PCA_Batch_Time": 0.0023665428161621094,
    "Serial_SVD_Batch_Time": 0.006342649459838867
}
