{
    "Parallel_NaiveBayes_Pydaal_Time": 0.012201070785522461,
    "Overall Parallel Naive Bayes Prediction SPMD Time": 0.0170135498046875
}
