{
    "Parallel_NaiveBayes_Pydaal_Time": 0.011769294738769531,
    "Overall Parallel Naive Bayes Prediction SPMD Time": 0.014967203140258789
}
