{
    "Serial Naive Bayes Batch Time": 0.0034117698669433594,
    "Serial_KMeans_Batch_Time": 0.14954018592834473,
    "Serial_PCA_Batch_Time": 0.010355710983276367,
    "Serial_SVD_Batch_Time": 0.11109781265258789
}
