{
    "MSE For Parallel Ridge regression SPMD": 82.0679085342023,
    "R2 Score For Parallel Ridge regression SPMD": 0.8541902402064679
}
