{
    "Serial Naive Bayes Batch Time": 0.02625560760498047,
    "Overall Serial Naive bayes Prediction Batch Time": 0.0489351749420166,
    "Serial_KMeans_Batch_Time": 0.05208110809326172,
    "Serial_PCA_Batch_Time": 0.04221224784851074,
    "Serial_SVD_Batch_Time": 0.01740741729736328
}
