{
    "MSE For Parallel Ridge regression SPMD": 453281.76303322334,
    "R2 Score For Parallel Ridge regression SPMD": 0.9137090530629229
}
