{
    "Parallel_PCA_SPMD_Time": 1.4097754955291748,
    "Overall Parallel PCA SPMD Time": 1.4168474674224854
}
