{
    "MSE For Parallel Ridge regression SPMD": 473433.31231408304,
    "R2 Score For Parallel Ridge regression SPMD": 0.905843321709839
}
