{
    "Parallel_PCA_SPMD_Time": 1.010347843170166,
    "Overall Parallel PCA SPMD Time": 1.0133914947509766
}
