{
    "MSE For Parallel Ridge regression SPMD": 74.97332304125854,
    "R2 Score For Parallel Ridge regression SPMD": 0.8454190577345295
}
