{
    "Parallel_LinearRegression_Pydaal_Time": 0.12003326416015625,
    "Overall Parallel Linear Regression Prediction SPMD Time": 2.7065656185150146
}
