{
    "MSE_Parallel_LinearRegression_Pydaal": 1.6974623672373044e+156,
    "r2score_Parallel_LinearRegression_Pydaal": -3.3101854202921403e+149
}
