{
    "Serial Linear Regression Batch Time": 0.01938176155090332,
    "Overall Serial Linear Regression Prediction Batch Time": 0.021854639053344727,
    "Serial Ridge Regression Batch Time": 0.002953767776489258,
    "Overall Serial Ridge Regression Prediction Batch Time": 0.0038101673126220703,
    "Time for serial Linear Regression sk_learn": 0.2484874725341797,
    "Serial_KMeans_Batch_Time": 0.03679919242858887,
    "Serial_PCA_Batch_Time": 0.010098934173583984,
    "Serial_SVD_Batch_Time": 0.013825654983520508
}
