{
    "Parallel_PCA_SPMD_Time": 1.3530561923980713,
    "Overall Parallel PCA SPMD Time": 1.356929063796997
}
