{
    "MSE For Parallel Ridge regression SPMD": 70.55162079049407,
    "R2 Score For Parallel Ridge regression SPMD": 0.8391480018369599
}
