{
    "Serial Linear Regression Batch Time": 0.08522176742553711,
    "Serial Ridge Regression Batch Time": 0.0014643669128417969,
    "Serial_KMeans_Batch_Time": 0.023424386978149414,
    "Serial_PCA_Batch_Time": 0.07345080375671387,
    "Serial_SVD_Batch_Time": 0.012977123260498047
}
