{
    "MSE_serial_linear_regression_pydaal": 2.9005738713659864e+150,
    "r2_score_serial_linear_regression_pydaal": -5.712131214394321e+143,
    "MSE For Serial Ridge regression Batch": 466186.1961639547,
    "R2 Score For Serial Ridge regression Batch": 0.9081934527123829
}
