{
    "Parallel_LinearRegression_Pydaal_Time": 0.31887030601501465,
    "Overall Parallel Linear Regression Prediction SPMD Time": 2.963029623031616
}
