{
    "Parallel_PCA_SPMD_Time": 0.32808876037597656,
    "Overall Parallel PCA SPMD Time": 0.3310234546661377
}
