{
    "Parallel_PCA_SPMD_Time": 1.1112422943115234,
    "Overall Parallel PCA SPMD Time": 1.1140425205230713
}
