{
    "Parallel_LinearRegression_Pydaal_Time": 0.2957470417022705,
    "Overall Parallel Linear Regression Prediction SPMD Time": 0.31728100776672363
}
