{
    "MSE_Parallel_LinearRegression_Pydaal": 1.2145941738059523e+155,
    "r2score_Parallel_LinearRegression_Pydaal": -2.336998827387336e+148
}
