{
    "Parallel_NaiveBayes_Pydaal_Time": 0.14679765701293945,
    "Overall Parallel Naive Bayes Prediction SPMD Time": 0.17805051803588867
}
