{
    "Parallel_NaiveBayes_Pydaal_Time": 0.027388334274291992,
    "Overall Parallel Naive Bayes Prediction SPMD Time": 0.041005849838256836
}
