{
    "MSE For Parallel Ridge regression SPMD": 74.97332304126175,
    "R2 Score For Parallel Ridge regression SPMD": 0.8454190577345229
}
