{
    "Serial Linear Regression Batch Time": 0.20588397979736328,
    "Serial Ridge Regression Batch Time": 0.12373685836791992,
    "Serial_KMeans_Batch_Time": 0.7479274272918701,
    "Serial_PCA_Batch_Time": 0.35344433784484863,
    "Serial_SVD_Batch_Time": 2.205354928970337
}
